category,avg
restaurant,147.2022568
bank,555.1565554
beauty,306.1117104
grocery,257.6838155
ktv,916.3468527
mall,1263.149485
school,428.055082
medical,409.9257946