category,avg
restaurant,123.3491145
bank,391.2463599
beauty,234.7691173
grocery,202.7072639
ktv,663.3133466
mall,958.1763122
school,365.5962711
medical,334.3612009