category,avg
restaurant,170.1580337
bank,450.0430121
beauty,330.8177287
grocery,253.8104085
ktv,1149.757898
mall,1076.604326
school,522.6485857
medical,450.6867989