category,avg
restaurant,129.4257207
bank,585.2543771
beauty,262.0342338
grocery,239.7912321
ktv,953.8501392
mall,885.0584127
school,410.8516651
medical,428.9475303