category,avg
restaurant,146.0501858
bank,474.2953598
beauty,284.4538046
grocery,250.176136
ktv,814.5078475
mall,1136.141461
school,491.218291
medical,511.1214424