category,avg
grocery,195.9241957
ktv,836.1198574
restaurant,150.8942046
beauty,312.8079145
bank,407.5407061
medical,361.4595621
mall,958.9789814
school,368.936631