category,avg
restaurant,102.9244783
bank,339.8661743
beauty,184.3254192
grocery,168.3692023
ktv,662.3847305
mall,639.7504718
school,368.2421133
medical,309.2086028